colony_id,data,Am,AQY,Rd,Ik
DL-1-PI,,3.3050288411113278,0.014789361215033856,0.8622697380049766,223.47340044353376
DL-2-PI,,3.0570567052142517,0.010940307337612094,0.8805299946943921,279.4306056379496
MC-1-PI,,1.9163845129940156,0.007103916405615314,0.7162576620556261,269.76450785361203
MC-2-PI,,1.737756496558997,0.009475336261366854,0.591152244825147,183.3978709171762
MD-1-PI,,1.604532811846683,0.00632662134320358,0.45849284256502876,253.61606532219037
MD-2-PI,,1.608892812628531,0.006341094403841845,0.4042925363134151,253.72478473964364
PA-1-PI,,2.471204238847645,0.010353645981826387,0.8427925338096307,238.67961519886964
